Data set,layers,omega,c1,c2,vmax,pop_size,loss1,loss2,
soybean,0,0.5,0.1,5,7,1000,60.0,58.666666666666664
soybean,1,0.5,0.5,1,7,1000,60.0,60.0
soybean,2,0.5,0.9,0.1,7,1000,0.0,0.0
soybean,0,0.5,0.1,5,7,1000,20.0,30.0
soybean,1,0.5,0.5,1,7,1000,20.0,6.666666666666668
soybean,2,0.5,0.9,0.1,7,1000,20.0,24.000000000000004
Data set,layers,omega,c1,c2,vmax,pop_size,loss1,loss2,
soybean,0,0.5,0.1,5,7,1000,80.0,78.66666666666667
soybean,1,0.5,0.5,1,7,1000,100.0,100.0
